left_color,mid_color,right_color,left_motor,right_motor,class
44.05853658536585,31.63089430894309,81.28292682926829,40.82113821138211,92.42439024390244,9
